measure,layer,sse,close,mid,far,extreme
angles_layer,A,A3E,0.0,7.605082149445833,0.9797120924671976,11.356762705518165
angles_layer,A,A4E,0.0,19.469274461418095,1.3069636265111892,32.13207377399714
angles_layer,A,B1H,0.0,-3.03485293124766,0.35134240000569905,1.0038423953339048
angles_layer,A,A1E,0.0,-23.292708023446576,-0.7596390649987299,-42.377143839725235
angles_layer,A,A2E,0.0,-5.269965563303511,-0.6997262928874779,-14.441660678231043
angles_floor,A,A3E,0.0,-3.136022423249912,-14.879349677014702,64.84186438507824
angles_floor,A,A4E,0.0,7.055120357218904,-10.90212248187224,41.98520641861508
angles_floor,A,B1H,0.0,-2.06383122895069,-7.814028453790414,37.37419142625363
angles_floor,A,A1E,0.0,5.528674281433226,-11.6876260570602,39.99116776353324
angles_floor,A,A2E,0.0,-2.3927537890957495,-13.380503165932126,70.48915856891712
angles_side,A,A3E,0.0,4.875850188204753,-22.20990308159807,-4.117643948549315
angles_side,A,A4E,0.0,3.8981748195689034,-19.280807434646647,17.79429052037692
angles_side,A,B1H,0.0,5.307390523280487,-7.61090218870266,37.66083277623795
angles_side,A,A1E,0.0,6.80816839368117,-18.762021442964265,16.606793708855264
angles_side,A,A2E,0.0,4.174844662228942,-24.756240351811066,0.1220684512863528
points_layer,A,A3E,0.0,0.3184801610019171,0.6609477791585617,0.4205721211714089
points_layer,A,A4E,0.0,0.24091984939901712,0.4810265724521318,0.7430676743819439
points_layer,A,B1H,0.0,9.490327804607748,9.477989862619255,9.807813048570852
points_layer,A,A1E,0.0,0.12434747550569092,0.3595846050898697,0.6018343748348912
points_layer,A,A2E,0.0,0.18628098461583087,0.31421897179896785,0.6758527089691774
points_floor,A,A3E,0.0,1.03019379478727,2.00216122841181,1.1993970442739423
points_floor,A,A4E,0.0,1.0340563420821227,3.3816684927210847,3.251927762020078
points_floor,A,B1H,0.0,2.0507704238208673,2.5899732959455912,1.6082437324966
points_floor,A,A1E,0.0,1.6944629941812601,4.000792865008474,4.690447860767086
points_floor,A,A2E,0.0,0.3833442572789711,1.4076262319510275,0.9141729812132259
points_side,A,A3E,0.0,3.2015631439508843,2.7032499632395073,1.5730609475937336
points_side,A,A4E,0.0,7.628969967589877,6.852785322289322,5.4530579193188045
points_side,A,B1H,0.0,1.043504209817826,0.30965681875457174,2.405546152339605
points_side,A,A1E,0.0,7.37999698431401,6.3088034596478995,5.007466173747824
points_side,A,A2E,0.0,3.451249742377939,3.247042674756117,1.6545601668542451
