measure,layer,sse,close,mid,far,extreme
angles_layer,A,A1E,-11.943740770377573,15.56405940805659,20.011891163150942,-21.778703766717562
angles_layer,A,A3E,0.7615981847155302,-1.5130510044714303,-9.171647249885163,0.9236169636557818
angles_layer,A,A4E,9.166043231844784,15.723532710852716,-18.81838651081359,18.397805275101142
angles_layer,A,A2E,-0.6165534023313004,3.0873913068042533,-4.514695756065414,-8.129585930222412
angles_floor,A,A1E,-77.53640158559008,72.65397499566737,-68.46596071422093,62.950011205793075
angles_floor,A,A3E,-85.62075008111597,82.78679925514464,-78.886459612204,70.02041474126
angles_floor,A,A4E,-77.7301477094829,73.38747083732673,-70.04439351429042,63.984272053605395
angles_floor,A,A2E,-86.40040539205178,81.44095668738248,-80.29484324903065,68.58441520522196
angles_side,A,A1E,0.5349206877042407,0.4149395117372787,0.7195032191476898,0.33308740712073615
angles_side,A,A3E,1.4889712095058742,-0.9546798565767247,3.7104511836908998,-0.4554846396591614
angles_side,A,A4E,0.6760224905556864,-3.5311276872648216,-1.2341488364487994,0.12034237883884913
angles_side,A,A2E,-0.24072066626736977,1.4220938900338762,4.767587490346443,-0.29025964459539466
points_layer,A,A1E,0.2745465372982631,0.22365673547867418,0.24628232381487894,0.3395983250452555
points_layer,A,A3E,0.17288413959559412,0.35987651596581516,0.2672626055549689,0.3905785403304883
points_layer,A,A4E,0.14956743504476389,0.2854280471614457,0.22052752376303564,0.3055883561914183
points_layer,A,A2E,0.6292561908075042,0.22232802596602166,0.1551500660116759,0.40823870995591305
points_floor,A,A1E,0.5063726245998753,0.6865708736390163,0.486069517837939,1.216354958035764
points_floor,A,A3E,0.31515494076978917,0.31083132715562567,0.2406948556716983,0.38103262940462923
points_floor,A,A4E,0.34563332493468624,0.9943502669422326,0.5768903203516803,2.608887107208826
points_floor,A,A2E,0.2987148073462781,0.2241022897482495,0.3369179228786916,0.44419725875158816
points_side,A,A1E,7.03760872251748,6.787832610233543,6.614300780628578,6.252857989101178
points_side,A,A3E,2.3848542701445035,2.429371190249169,2.072442065535059,2.0460212609173603
points_side,A,A4E,6.8435077533109085,6.619181897165965,6.649761963702216,6.4264327542553
points_side,A,A2E,2.3446527681685096,2.1583923290092577,2.2702265803801036,2.0107052128641616
