measure,layer,sse,close,mid,far,extreme
angles_layer,B,B3E,0.0,0.0,10.1378694044709,-5.554293591701139
angles_layer,B,B4E,0.0,0.0,23.45345181458101,-25.407127460588065
angles_layer,B,B2E,0.0,0.0,-6.710884969481874,-0.8529390259751004
angles_layer,B,B1E,0.0,0.0,-19.139339093963866,23.098799953098577
angles_floor,B,B3E,0.0,0.0,78.9596689745166,-68.08138085784555
angles_floor,B,B4E,0.0,0.0,65.20958764745909,-55.59664441753628
angles_floor,B,B2E,0.0,0.0,83.20652386795749,-64.56793981159424
angles_floor,B,B1E,0.0,0.0,70.0837014039246,-53.27173335826981
angles_side,B,B3E,0.0,0.0,3.5461011940928775,1.3302036599557425
angles_side,B,B4E,0.0,0.0,4.349833763748194,6.231132877418659
angles_side,B,B2E,0.0,0.0,-0.7030743281399832,-4.484595232614396
angles_side,B,B1E,0.0,0.0,-3.564071300741338,6.008875764388151
points_layer,B,B3E,0.0,0.0,0.39408225672027275,0.5383597488196696
points_layer,B,B4E,0.0,0.0,0.4196306299136404,0.559470616336733
points_layer,B,B2E,0.0,0.0,0.2997632152465711,0.5452659717411081
points_layer,B,B1E,0.0,0.0,0.4774136368330564,0.40770632389773265
points_floor,B,B3E,0.0,0.0,0.19504434488160316,0.49288129852123935
points_floor,B,B4E,0.0,0.0,0.36981361262498047,3.5252830636054138
points_floor,B,B2E,0.0,0.0,0.2023306771254396,0.45954461663384133
points_floor,B,B1E,0.0,0.0,0.4191581112557004,1.576196265626926
points_side,B,B3E,0.0,0.0,2.4153052815768135,2.783588799052385
points_side,B,B4E,0.0,0.0,6.6938391239968125,6.677731536012498
points_side,B,B2E,0.0,0.0,2.1249293131544325,1.8786290768323928
points_side,B,B1E,0.0,0.0,6.5891781120432,7.108822137441155
