measure,layer,sse,close,mid,far,extreme
angles_layer,A,A3E,0.0,-7.838286199136664,-4.018051016927732,-8.151167391059253
angles_layer,A,A4E,0.0,-20.08253198901916,-19.962957404483184,-6.971582599704256
angles_layer,A,A1E,0.0,15.539018041395805,15.68702524219987,4.388416920231123
angles_layer,A,A2E,0.0,10.418185353502096,-1.0011874033361963,1.2539949657222138
angles_floor,A,A3E,0.0,81.6280454049737,-73.97922890945479,68.121615342631
angles_floor,A,A4E,0.0,68.4153428968924,-65.10899332383502,67.47313335472788
angles_floor,A,A1E,0.0,73.66829565381681,-66.87152527055784,67.98004642129501
angles_floor,A,A2E,0.0,77.16439693090528,-69.48046174017246,67.71085269667155
angles_side,A,A3E,0.0,2.9179803555061734,-0.15318363123358836,0.8862706832137235
angles_side,A,A4E,0.0,7.581078763097088,1.1546245007558085,-1.1604986455887243
angles_side,A,A1E,0.0,4.906715033598582,-0.15809064912533444,-1.3290642020025842
angles_side,A,A2E,0.0,7.415721338110932,-0.16949078574940302,0.1545105257175834
points_layer,A,A3E,0.0,0.11986021378904425,0.13317185093533174,0.41894037261877226
points_layer,A,A4E,0.0,0.0510596906535492,0.3443357462050495,0.27684830486157613
points_layer,A,A1E,0.0,0.1722310306476639,0.10759827328068113,0.29881686514705946
points_layer,A,A2E,0.0,0.337386823919355,0.46983010332586556,0.3956517714368277
points_floor,A,A3E,0.0,0.5680290873526914,0.3801149216670818,0.40702680188824436
points_floor,A,A4E,0.0,1.5065119549649402,0.8893374452790777,0.7395438016844855
points_floor,A,A1E,0.0,1.0361319518234189,1.0679726136163743,0.5973037618785223
points_floor,A,A2E,0.0,0.8715810766353655,0.5110101046830019,0.4289893568443289
points_side,A,A3E,0.0,2.2405990341002235,2.2571422037105937,1.990303413904068
points_side,A,A4E,0.0,6.838480421097798,6.622171895842176,6.7183550919624695
points_side,A,A1E,0.0,6.514192552735003,7.089837220697881,6.53468031129485
points_side,A,A2E,0.0,1.8055688916443844,1.7959702414929342,1.949322846410247
